{
  "width": 640,
  "height": 320,
  "fps": 30,
  "main": "./script/aez_bundle_main.js",
  "assets": {
    "parameterObject": {
      "type": "script",
      "path": "files/f69efd9b51d31d911da0.js",
      "global": false,
      "virtualPath": "script/parameterObject.js"
    },
    "toomo": {
      "type": "image",
      "width": 50,
      "height": 50,
      "path": "files/177cf974197fb1feea80.png",
      "virtualPath": "image/toomo.png"
    },
    "doutei_toomo": {
      "type": "image",
      "width": 80,
      "height": 44,
      "path": "files/3547fe1b52866423e582.png",
      "virtualPath": "image/doutei_toomo.png"
    },
    "n_kou": {
      "type": "image",
      "width": 50,
      "height": 50,
      "path": "files/012c681f6ad027e1a399.png",
      "virtualPath": "image/n_kou.png"
    },
    "result": {
      "type": "image",
      "width": 640,
      "height": 320,
      "path": "files/e24e1a80b1f63dd7d42f.png",
      "virtualPath": "image/result.png"
    },
    "itteq": {
      "type": "image",
      "width": 80,
      "height": 45,
      "path": "files/b7115aec7be93ccf3fb6.png",
      "virtualPath": "image/itteq.png"
    },
    "nensyuu_2man": {
      "type": "image",
      "width": 80,
      "height": 45,
      "path": "files/927aa9f9e03cd939688b.png",
      "virtualPath": "image/nensyuu_2man.png"
    },
    "virus": {
      "type": "image",
      "width": 80,
      "height": 45,
      "path": "files/f6ceb345372792adc7bf.png",
      "virtualPath": "image/virus.png"
    },
    "zyousoubu": {
      "type": "image",
      "width": 80,
      "height": 45,
      "path": "files/73b31dc9207b9933cfae.png",
      "virtualPath": "image/zyousoubu.png"
    },
    "inu": {
      "type": "image",
      "width": 50,
      "height": 41,
      "path": "files/e2427633ba930cefaf18.png",
      "virtualPath": "image/inu.png"
    },
    "report": {
      "type": "image",
      "width": 80,
      "height": 45,
      "path": "files/f6f2b089f07e58cbc809.png",
      "virtualPath": "image/report.png"
    },
    "title": {
      "type": "image",
      "width": 640,
      "height": 320,
      "path": "files/6a2fc763d1ca590c49f9.png",
      "virtualPath": "image/title.png"
    },
    "wassyoi": {
      "type": "audio",
      "path": "files/e7d52ab50b42670b2447",
      "systemId": "sound",
      "duration": 1231,
      "virtualPath": "audio/wassyoi"
    },
    "aez_bundle_main": {
      "type": "script",
      "global": true,
      "path": "files/f086925699839f7a9594.js",
      "virtualPath": "script/aez_bundle_main.js"
    }
  },
  "environment": {
    "sandbox-runtime": "2",
    "niconico": {
      "supportedModes": [
        "ranking"
      ],
      "preferredSessionParameters": {
        "totalTimeLimit": 70
      }
    },
    "external": {
      "send": "0"
    },
    "akashic-runtime": {
      "version": "~2.1.37",
      "flavor": "-canvas"
    }
  },
  "exportZipInfo": {
    "version": "0.5.0",
    "option": {
      "force": true,
      "strip": true,
      "minify": false,
      "bundle": true,
      "babel": true,
      "omitEmptyJs": true
    }
  },
  "globalScripts": []
}